,earbuds Title
0,"Amazon's Choicefor ""earbuds"""
1,"Wireless Earbuds, Bluetooth 5.3 Headphones In Ear with 4 ENC Noise Cancelling Mic, Btootos New Bluetooth Earbuds Mini Deep Bass Stereo Sound, 36H Playtime LED Display Wireless Earphones IP7 Waterproof"
2,"Wireless Earbuds, Bluetooth 5.3 Headphones in Ear with HiFi Stereo Deep Bass, 4 ENC Noise Cancelling Mic Wireless Earphones 40H Playtime, Bluetooth Earbuds Dual LED Display, IP7 Waterproof, USB-C"
3,"Wireless Earbuds - Bluetooth 5.3 Headphones with 4 ENC Noise Cancelling Mics - HiFi Stereo Deep Bass - 40 Hour Playtime In Ear Earphones - USB C Charging - Perfect for Sports, Work, and Leisure"
4,"soundcore by Anker P20i True Wireless Earbuds, 10mm Drivers with Big Bass, Bluetooth 5.3, 30H Long Playtime, IPX5 Water-Resistant, 2 Mics for AI Clear Calls, 22 Preset EQs, Customization via App"
5,"soundcore by Anker A20i True Wireless Earbuds, Bluetooth 5.3, With App for Custom Sound, 28H Long Playtime, Water-Resistant, 2 Mics for Clear Calls, Single Earbud Mode, Compact Design"
6,"soundcore by Anker A3i Noise Cancelling Earbuds, Deep Bass, Hybrid ANC, AI-Enhanced Calls with 6 Mics, 40H Playtime with Fast Charging, Bluetooth 5.2 Earbuds, 22 Custom EQ, Transparency Mode"
7,"Sony WF-C500 True Wireless Headphones (Up to 20 Hours Battery Life with Charging Case - Compatible with Voice Assistant, Built-in Microphone for Phone Calls, Bluetooth) Black"
8,"Wireless Earbuds, Bluetooth 5.3 Headphones NEW Wireless Headphones with 4 ENC Mic, 56H Bluetooth Earphones in Ear Noise Cancelling Deep Bass, Mini Ear Buds Bluetooth Earbuds IP7 Waterproof LED Display"
9,"Wireless Earbuds, Bluetooth 5.3 Headphones 2024 Wireless Headphones in Ear with ENC Mic, Bluetooth Earphones Noise Cancelling Ear buds with 50H Hifi Stereo, IP7 Waterproof Headset, USB-C, LED Display"
10,"Sony WF-C700N Wireless, Bluetooth, Noise Cancelling Earbuds (Small, Lightweight Earbuds with Multi-Point Connection, IPX4 rating, up to 20 HR battery, Quick Charge, iOS & Android) Black"
11,"HKBTCH Wireless Earbuds, Wireless Headphones Bluetooth Headphones 3D HiFi Stereo Headphones Noise Cancellation in-Ear Built-in Mic with Charging Case, IPX7 Waterproof for Work, Travel (White)"
12,"Leoxol Wireless Earbuds, Bluetooth 5.3 Headphones In Ear with 4 ENC Noise Cancelling Mic, New Bluetooth Earbuds Mini Deep Bass Stereo Sound, 36H Playtime LED Display Wireless Earphones (Black)"
13,"soundcore Wireless Earbuds, A1 Bluetooth Earbuds, Powerful Customized Sound, 35H Playtime, Wireless Charging, USB-C Fast Charge, IPX7 Waterproof, Button Control, Commute, Sports"
14,"Aptkdoe Wireless Earbuds, 75H Bluetooth 5.3 Headphones with ENC Noise Cancelling Mic, Deep Bass Wireless Earphones, Dual LED Display, IP7 Waterproof, Sports Ear buds with Ear hooks for Running, Gym"
15,Amazon Exclusive
16,"Samsung Galaxy Buds FE Wireless Earbuds, Active Noise Cancelling, Comfort Fit, 2 Year Extended Manufacturer Warranty, Graphite (UK Version)"
17,"Wireless Earbuds, Bluetooth 5.3 Headphones in Ear with 4 ENC Noise Cancelling Mic, Bluetooth Earbuds 40H Playtime, 2023 HiFi Stereo Deep Bass Wireless Earphones, IP7 Waterproof, USB-C Fast Charge"
